Date,Predicted Sales,Lower Bound,Upper Bound
2015-01-03,1510.827937562616,-1089.7429038638486,4133.844698198702
2015-01-04,1174.5099429699853,-1468.5223404895914,3999.9542920072467
2015-01-05,960.2733581703503,-1780.1835341495075,3525.4442547062376
2015-01-06,1216.6489903799081,-1532.5741580703948,3835.8768568210103
2015-01-07,690.512132250579,-1966.7286013603923,3608.673694344999
2015-01-09,599.6005261915357,-1976.269440446867,3426.938378898285
2015-01-10,992.1171388592178,-1610.4291561036214,3783.167425705497
2015-01-11,715.0962092932264,-1845.7078179027767,3493.0260959314114
2015-01-13,889.6879091028858,-1763.0427401690044,3630.1423474196927
2015-01-14,433.9962559879432,-2240.6614567389165,3139.6276663938834
2015-01-15,-143.2281316792596,-2896.214945791558,2595.013090485869
2015-01-16,485.1041339704127,-2181.126192271964,3150.800980564725
2015-01-18,734.1881002231478,-2089.401306671845,3705.7552389615107
2015-01-19,644.3601163586745,-2002.1359097840423,3388.1160265164935
2015-01-20,1022.6709511070396,-1843.6177207875598,3590.1970718760813
2015-01-23,731.8275083995901,-1959.9840369341882,3392.5551636589958
2015-01-26,919.4519380801247,-1762.298440122808,3530.0097625206754
2015-01-27,1287.2922909461215,-1414.051194115523,4132.4375089095965
2015-01-28,858.1026046090414,-1912.8710305709396,3614.4484678597655
2015-01-30,910.6892728879257,-1869.7674368717694,3636.484581987839
2015-01-31,1347.3243602185553,-1265.8860302099697,4156.732718378196
2015-02-01,1095.102550765378,-1586.925931454327,3938.6879994713904
2015-02-02,950.5957669933229,-1772.8174853309506,3778.625318834362
2015-02-03,1261.3926313210447,-1503.5523549262912,3890.2568536139543
2015-02-04,773.7903275112259,-1970.867305144792,3649.9647779043594
2015-02-06,711.8804643774125,-2081.3849445686274,3504.210547876098
2015-02-07,1095.6245508944783,-1678.9879725855687,3845.817303001867
2015-02-08,795.4515220995369,-1968.6080757903203,3499.249063668214
2015-02-11,373.1848285875335,-2286.587478413593,3110.230005702297
2015-02-12,-268.67376865334427,-3092.12700856384,2466.6105561962586
2015-02-14,678.8481091682512,-2088.8849983411783,3418.5553441143857
2015-02-15,394.62645066452126,-2135.471769715059,3219.5211298861896
2015-02-16,235.20673565871562,-2530.814965853846,3004.986845901404
2015-02-17,549.0996868584336,-2242.857473778683,3070.6051801398553
2015-02-18,83.10404202227414,-2656.7545308697263,2858.888453033873
2015-02-20,119.76942189909028,-2630.575686554986,2908.3036386578606
2015-02-21,579.3087642817005,-2003.8742634483726,3308.4053298129465
2015-02-22,371.1187653695672,-2405.0994563793847,3084.630009342215
2015-02-23,291.56773266717437,-2313.4339621998965,2976.7294523824094
2015-02-24,687.5471946058789,-2259.8388088049956,3445.6556853082875
2015-02-27,500.9332741399629,-2150.7420697339094,3304.1150741676056
2015-03-01,894.6087718425094,-1793.8167129393373,3570.8552201322827
2015-03-02,875.8281578656578,-1695.8539860749472,3513.6768592111707
2015-03-03,1323.941572275141,-1585.5283338359768,3989.891236156006
2015-03-04,983.0156904819996,-1750.9541704736102,3953.862082734304
2015-03-05,510.4804279727575,-2035.5187679536805,3508.9025550934803
2015-03-07,1775.3855000846454,-1075.5785970656584,4603.344410133326
2015-03-10,2023.2291865225193,-586.5269813381049,4866.366546333513
2015-03-11,1646.6127507752644,-1109.4893034309714,4334.054037558168
2015-03-14,2277.4541038761863,-398.29838772451063,4948.522990803978
2015-03-15,2066.891019098277,-714.0204409383922,4898.247701677813
2015-03-16,1961.160712976284,-778.9350351421276,4640.395084872311
2015-03-17,2307.762979821804,-348.0929652814682,5126.821461219435
2015-03-18,1852.882717333747,-688.7344348787501,4591.426922385269
2015-03-19,1256.2852448067515,-1633.016310267932,3873.718299009527
2015-03-21,2252.8305446773566,-458.27570059587873,5175.575778842033
2015-03-22,1971.337357442414,-855.499354901831,4511.086929152186
2015-03-23,1799.8056746264813,-927.0980655671342,4418.1424417484195
2015-03-24,2086.79180041815,-532.5129214878191,4793.244314590586
2015-03-25,1579.366178091904,-998.873314117499,4152.886874544808
2015-03-26,937.9927472711145,-1718.1724907668656,3869.664159619464
2015-03-28,1870.093020257758,-989.5657814544687,4695.583573675311
2015-03-29,1569.319522870479,-1126.5500662956429,4363.299408383254
2015-03-30,1387.0579254949484,-1242.7791264167415,4150.323670740026
2015-03-31,1671.5648089522258,-1381.6261368364974,4401.475524450145
2015-04-01,1169.4332387874279,-1665.4927081609028,3864.485185174225
2015-04-02,540.489859192457,-2214.835079772653,3240.6993220654404
2015-04-04,1515.6400520533073,-1162.6907843521174,4128.65504322294
2015-04-05,1243.6176617387282,-1406.1926821054878,3856.794435949262
2015-04-06,1093.5600109292534,-1965.2783990973044,4051.9615655779908
2015-04-07,1412.6538162187683,-1363.9448213064195,4156.3563792278765
2015-04-08,946.4195370132423,-1928.8289889857958,3760.847009636379
2015-04-11,1397.9880443551654,-1227.6496371236813,4202.396677484323
2015-04-12,1157.2642960096737,-1741.9455090661204,3892.7511670766226
2015-04-13,1035.3228170464959,-1695.087324220103,3726.4159299062835
2015-04-15,932.7027755957595,-1663.901480258281,3606.288197012076
2015-04-16,355.60122229909507,-2374.6957795621206,2934.4822525748737
2015-04-18,1417.471278895651,-1157.160423027195,4065.2501619948976
2015-04-19,1178.7495573304602,-1585.1989038180006,3787.4956664720776
2015-04-20,1054.6437832319896,-1644.1137958512656,3870.7819364071797
2015-04-21,1392.1715588626814,-1178.3832299353505,4034.4939066265633
2015-04-22,936.9296622787717,-1957.3259006225294,3594.1209322657
2015-04-23,348.0072523964632,-2418.056639947823,3238.138417425952
2015-04-25,1380.98082331302,-1358.7746036260635,4080.035199389785
2015-04-26,1126.618675950379,-1741.1425211440496,3613.2706331471136
2015-04-28,1309.9921949368836,-1459.7013227571522,3952.4687996500734
2015-04-29,841.7096992368246,-1823.9253201075737,3418.1754996263503
2015-04-30,241.89020250851536,-2360.5185693371122,3021.073083450874
2015-05-02,1261.4949389595415,-1371.3591591842796,4064.536609787242
2015-05-03,1005.4160694462846,-1711.9663664270997,3683.20660842582
2015-05-04,867.7635114667412,-1968.4199811371705,3655.693254637548
2015-05-05,1196.3584557615775,-1592.9772284350213,3994.944464459575
2015-05-06,737.4412257617998,-2087.8397910802996,3485.2979426800944
2015-05-07,150.5679075812941,-2571.407776480326,2956.0104763670734
2015-05-08,763.8786005209284,-2073.317806565491,3334.8449643518697
2015-05-09,1205.7364177283685,-1589.0872508219,4131.218043327081
2015-05-10,971.4989170541064,-1957.775225808513,3695.660187661417
2015-05-11,857.7409691865487,-1660.0884192286214,3753.7444797228486
2015-05-12,1211.7144963682895,-1569.2621904887678,3972.0289571593808
2015-05-13,779.0469665881525,-1943.9835519692735,3496.227743688667
2015-05-14,218.65583415804826,-2564.056037306412,2930.0917158044217
2015-05-16,1324.9119194270581,-1258.7228247899498,4152.79390874639
2015-05-17,1114.0364722271347,-1415.9097840837915,3725.1035656590266
2015-05-18,1021.4202201901745,-1577.5024955203714,3838.298786569427
2015-05-19,1393.8109509321455,-1356.870159286319,4340.943666245042
2015-05-20,976.4040662016389,-1807.9133012119225,3479.201306049066
2015-05-21,427.7676640970367,-2460.814816272853,3182.429833643081
2015-05-22,1075.1371424193662,-1488.3690033416867,3787.5136021068397
2015-05-23,1546.0777562043493,-1027.7429055613406,4186.6570973278
2015-05-24,1335.2762066608798,-1270.2729686598382,4058.96525479269
2015-05-25,1238.779774862072,-1460.112780962134,3932.7075569572935
2015-05-26,1603.4680604693265,-1155.7152203243013,4250.540461037262
2015-05-27,1174.7589661645989,-1606.0448955327613,3790.755481277711
2015-05-28,611.5260075518363,-2182.6387466436368,3340.4691801231706
2015-05-30,1692.3352109260593,-1033.3650896732493,4384.261384222948
2015-05-31,1459.5574414517744,-1288.3360574708013,4225.898781644025
2015-06-01,1339.6195927552828,-1349.8835121176153,4343.680631884931
2015-06-02,1679.9435588442166,-1166.342509420816,4270.072176120753
2015-06-03,1226.4944983068956,-1437.071626502641,3757.5195785356786
2015-06-04,638.6836588196786,-2067.23388793031,3460.2514605881115
2015-06-06,1672.8448755007898,-1177.2169312439844,4450.50426707157
2015-06-07,1418.906179424213,-1214.1029566395005,4244.346754562007
2015-06-08,1279.7667888245337,-1397.811704035351,4076.1539255229727
2015-06-09,1603.157384553582,-1194.7290267032456,4266.227101915114
2015-06-10,1135.2812663629143,-1614.564126535028,3920.9548836542062
2015-06-13,1554.6513249303064,-1064.7489934612597,4406.581430901132
2015-06-14,1297.201877925709,-1385.0819404834049,4075.6545774429874
2015-06-15,1157.1418832128743,-1460.7535531926455,3872.1931680826733
2015-06-16,1482.017331024102,-1322.6440806110502,4240.095022842038
2015-06-17,1017.7948637033315,-1482.1002602083872,3614.410566610216
2015-06-18,423.7704011565861,-2457.2133399072263,3194.328817959674
2015-06-20,1458.1944781767575,-1247.6830541026436,4081.7802450066897
2015-06-21,1210.0108722833666,-1490.3694805747077,4118.327142025704
2015-06-22,1079.7732397609154,-1591.2366873106737,3840.6336255026795
2015-06-23,1414.6941852842037,-1128.215799345805,4211.185736431812
2015-06-24,960.4270754790522,-1655.6819910498937,3675.9588180388096
2015-06-25,375.9832272400515,-2231.877085692312,3307.5299481252223
2015-06-27,1427.4915617592223,-1423.772163902801,4221.933732307832
2015-06-28,1186.4439878222565,-1351.2223002281282,4054.967378635986
2015-06-29,1062.2392432504125,-1642.8033223940995,3679.8305177706347
2015-06-30,1402.027280240693,-1334.9447861311378,3939.43947315572
2015-07-01,951.4475146214288,-1782.1350838406656,3683.5082370108353
2015-07-02,369.54362274063965,-2363.9894593614436,3270.3936156095065
2015-07-04,1423.026276289595,-1413.815832667979,3988.574444082176
2015-07-05,1181.6684015906378,-1618.1273512395371,3807.9911090220207
2015-07-06,1056.5033548353933,-1752.018324266349,3800.394324604182
2015-07-07,1394.8647094752343,-1177.1768920854126,4339.463491198852
2015-07-08,942.5839529104659,-1897.6196535634083,3783.0680448661888
2015-07-09,358.8973293953877,-2413.0890756060357,3147.8850467943657
2015-07-11,1409.2963920589425,-1295.2606743503704,4324.247926601539
2015-07-12,1166.9588455779017,-1424.824933993019,4086.3831474463723
2015-07-13,1041.3628965382459,-1852.9004758563017,3642.5127613247964
2015-07-14,1379.9355291179263,-1427.0917227415393,4037.574987897208
2015-07-15,928.5680735683344,-1817.3417163461816,3828.5569587548925
2015-07-18,1402.3025487768361,-1289.5773748868244,4139.924257413285
2015-07-19,1163.5850149362855,-1788.6436552870812,3913.2902704712665
2015-07-20,1042.097709181064,-1772.0257980991773,3717.0115406985087
2015-07-21,1385.1394095095295,-1342.8580076029841,4073.101866338061
2015-07-22,938.4558551272262,-1825.2103100267304,3399.885789637201
2015-07-23,361.15145896487866,-2310.8837273671184,3255.212816787353
2015-07-25,1425.954560157302,-1361.9658467975185,4116.388209720751
2015-07-26,1191.2135785928997,-1522.2512159987364,3989.126597405249
2015-07-27,1073.1692088945747,-1790.0352376901371,3783.1991668154524
2015-07-28,1419.0157210878865,-999.7728969057811,4124.589840340214
2015-07-30,398.4586752679886,-2431.463577017651,2919.0452160442105
2015-08-01,1463.7127685484465,-1311.303167099406,4114.718474172201
2015-08-02,1228.2020137691936,-1580.5143134283787,3910.2884826574073
2015-08-03,1108.8716018356624,-1674.4833468432805,3747.3183145346247
2015-08-04,1453.0753595971096,-1322.8785904084198,4293.952595821378
2015-08-05,1006.6793762793066,-1648.058637438435,3823.1475672276274
2015-08-06,428.973714266539,-2539.8825315123167,3258.0647182678567
2015-08-08,1491.9603296241723,-1443.2393344440088,4225.622653339194
2015-08-09,1256.4689766336498,-1552.3185253711501,3795.3427063534095
2015-08-11,1485.0762854959653,-1380.4225633477977,4143.863028160985
2015-08-12,1042.921898772627,-1774.0901600448094,3783.796751858181
2015-08-15,1553.0502945844792,-1427.3314069467954,4161.730362019724
2015-08-16,1330.384206116614,-1257.7713608276342,3975.7514638810935
2015-08-17,1227.4359930792523,-1494.528952842502,4038.5667234808116
2015-08-19,1169.5801092916856,-1590.2223914371164,3863.8742782082736
2015-08-20,620.0975809784144,-2072.263507180972,3649.483012097306
2015-08-22,1751.5834800189314,-1220.662073386141,4509.238173982935
2015-08-23,1556.0274642595507,-1111.1935154219614,4294.106063183721
2015-08-24,1481.1727452958426,-1209.6320007138766,4145.7128285562685
2015-08-25,1874.2007121429338,-959.7150228065051,4584.692856290229
2015-08-26,1480.6839393168634,-1285.2044967374145,4259.692316519448
2015-08-27,959.4961107334834,-1669.0970866699531,3800.6270280896215
2015-08-29,2144.1646025295827,-502.3006273614192,4961.424543364175
2015-08-30,1972.4160607035087,-789.2155250093585,4584.746965378607
2015-08-31,1918.8024640152878,-609.5708485271108,4576.868224850703
2015-09-01,2329.9964827485414,-463.3277380518203,5072.407331032907
2015-09-02,1951.0943672154922,-867.8448299731293,4765.319348667738
2015-09-03,1440.5361624540933,-1320.505812705248,3978.4104988105732
2015-09-05,2633.043628599363,-206.455641232406,5579.571195427825
2015-09-06,2457.9308093011523,-477.86380965939986,5272.831506475804
2015-09-07,2395.8338926189294,-215.8810493470449,5472.52116662606
2015-09-08,2793.325032317486,-72.21033646423601,5684.304245153051
2015-09-09,2395.4813206795106,-421.87717046719314,5245.816221816306
2015-09-10,1860.806375099909,-744.26628630074,4783.608159664386
2015-09-11,2516.5207846882686,-32.4273960800377,5302.127884968339
2015-09-12,2990.2200639891016,249.51459437347754,5906.559229984348
2015-09-13,2776.6614291379237,164.45192663790107,5613.564127443206
2015-09-14,2671.9981241360933,-67.00318897095367,5192.951941429144
2015-09-15,3023.246564612804,406.4675575405045,5621.307813842292
2015-09-16,2575.9881244341086,-55.65245598579681,5453.824753513769
2015-09-17,1989.2828023232075,-967.6706205350274,4739.818650134457
2015-09-19,3009.2222021246344,149.9819928393324,5834.192720942248
2015-09-20,2739.5122301623605,-54.8055666034548,5343.935839494874
2015-09-21,2578.647701266294,-323.6768720862559,5105.7920204879365
2015-09-22,2874.3234332605425,5.217594898453583,5556.961151945235
2015-09-23,2372.7946165575477,-251.52206219495082,5081.429204553495
2015-09-24,1733.78120404047,-876.8622511256334,4479.774648927493
2015-09-25,2285.740870922596,-134.44770807989968,4969.509208908155
2015-09-26,2657.5095099612176,-242.58458163347956,5221.612579671194
2015-09-27,2345.070853745634,-318.5922575690095,4974.17220535134
2015-09-28,2145.7742201094043,-523.5270702217341,5140.759897448088
2015-09-29,2407.7858801466746,-311.00979239188007,5258.393894098487
2015-09-30,1877.7760748435205,-927.9785057555821,4470.748082457358
2015-10-01,1215.8190835124094,-1710.0108659283762,4100.005994712234
2015-10-02,1750.662698071071,-948.0523518126637,4582.748280973668
2015-10-03,2111.366048138949,-961.1357062632576,4890.721055162556
2015-10-04,1794.067337123945,-923.0175488328658,4610.120230628041
2015-10-05,1596.20044596093,-953.8271221325078,4550.375021845543
2015-10-06,1865.9458600389114,-744.9135154238329,4592.3150600905765
2015-10-07,1349.9178998939847,-1414.5290968099985,4099.376890395833
2015-10-08,708.0656149192445,-2162.296016964943,3198.2603029981647
2015-10-09,1268.9436541095722,-1590.5047612999715,4026.3267672147817
2015-10-10,1661.352024839436,-966.2783910488417,4373.468517258145
2015-10-11,1381.1062732044734,-1258.3946547761661,4100.723906500521
2015-10-12,1225.2570242940596,-1335.5840950575403,4047.2624506842917
2015-10-13,1541.5443278948985,-1312.5594271871767,4392.371747922026
2015-10-14,1076.0887880663224,-1528.0476297576568,3758.160869362354
2015-10-15,488.2968402360897,-2305.6656633475723,3276.364335788125
2015-10-16,1106.1364990992706,-1652.7929984535824,3924.9195650786414
2015-10-17,1557.7824998978713,-1142.4561546907514,4333.594117453749
2015-10-18,1338.39237798074,-1429.4334727589135,4066.1451141272096
2015-10-19,1244.3324328071437,-1380.0743809696467,3968.3484935169863
2015-10-20,1622.6390230742475,-1099.6852108637688,4296.83668285763
2015-10-21,1218.7171633070507,-1726.9669044148081,4066.5878376411624
2015-10-22,691.2537599211197,-2191.57666414576,3398.18790425928
2015-10-24,1874.9342080631097,-1013.8514867056447,4483.347551368142
2015-10-25,1708.0292739493657,-1151.273502997037,4258.472459176494
2015-10-26,1662.505781128972,-934.9360050388517,4508.966456768542
2015-10-27,2084.793881215749,-764.3977183598305,4969.278972234758
2015-10-28,1719.7431129596125,-898.2826929648503,4401.010512049644
2015-10-29,1225.544891385682,-1407.1182347431998,3914.50398734377
2015-10-31,2457.308648439074,-221.20982022037794,5061.146535543077
2015-11-01,2304.6077052847722,-503.78193889453956,5053.078658806461
2015-11-02,2266.468182176998,-314.10079711351005,4939.25849164051
2015-11-03,2689.243662206563,6.597547418948458,5500.4144876712735
2015-11-04,2317.8079656410077,-432.1918942298679,4903.392821558848
2015-11-05,1810.4801672335534,-786.8892755020697,4598.477479148877
2015-11-07,2996.781463142287,306.0011876332379,5832.652809344216
2015-11-08,2812.51797454853,134.91149061464594,5705.182575983288
2015-11-09,2737.604028405871,133.58391549953694,5299.67340077232
2015-11-10,3119.012084788479,405.7265049750074,5890.410019662896
2015-11-11,2702.3141804958186,-31.93486405782914,5551.682335946796
2015-11-12,2146.596063980739,-502.1161642244503,4801.792949600581
2015-11-14,3230.063761869176,630.123767350424,5949.079167851122
2015-11-15,2993.110823722528,154.07401684668991,5705.311834822976
2015-11-16,2865.854588410329,8.019345794924904,5589.972274372945
2015-11-17,3196.1580999892503,353.8330293414234,5941.972003642755
2015-11-18,2730.4576448364724,83.40024477966342,5510.358253902101
2015-11-19,2128.6589098838404,-694.2129076472922,4926.015986076999
2015-11-20,2719.4005799714237,104.17588552788345,5483.527593373324
2015-11-21,3131.6845136054803,405.35413201049545,5728.079606643598
2015-11-22,2861.634312564008,141.8459445997121,5820.322913388201
2015-11-23,2706.701551738538,143.31548189963058,5555.043596175385
2015-11-24,3015.105480207879,208.57543151262072,5886.777770651955
2015-11-25,2533.5085651911822,-96.23645828509868,5339.351610970094
2015-11-26,1921.905653130717,-827.4774278691582,4796.7899423829285
2015-11-27,2508.883488161589,-310.0047624668693,5067.741696938312
2015-11-28,2923.2499231470347,184.56984070674645,5786.553641398556
2015-11-29,2660.794765170273,53.767292735475394,5326.9331036602925
2015-11-30,2518.501573048804,-332.73820437242154,5250.852235840901
2015-12-01,2843.9961893042814,197.30292381482835,5633.371989699424
2015-12-02,2383.234267904826,-332.26498659899136,5053.266121154984
2015-12-03,1795.4053806986808,-842.4853652868319,4644.985087441073
2015-12-04,2408.2101647729096,-224.35076050521917,5205.9825751885455
2015-12-05,2849.5095090199147,135.48440090250347,5505.827800111725
2015-12-06,2614.1072930106498,-206.329770191349,5340.96884528061
2015-12-07,2497.98552294701,-256.37304380374405,5202.113550974616
2015-12-08,2847.777117081686,84.62239208540959,5609.17905972596
2015-12-09,2408.4780344107594,-341.54256900927993,5216.663315420136
2015-12-10,1838.3757358961554,-834.3949754444428,4772.201722992852
2015-12-12,2913.5433809667425,133.5060586057379,5399.067779970074
2015-12-13,2680.1655554613935,-4.416009057643553,5411.440307358876
2015-12-14,2559.7443540090208,-177.026774483428,5237.778778063695
2015-12-15,2898.613737697843,188.80627981895162,5822.203036319646
2015-12-16,2441.6366858897227,-286.2117493992337,4994.576876321476
2015-12-17,1847.1407328951072,-982.7229473590355,4729.830852496155
2015-12-19,2854.413130019442,306.2204943508321,5628.564233086986
2015-12-20,2578.484452223438,-162.80235987328976,5310.005943474984
2015-12-21,2410.68264394915,-476.9688384078826,5180.398075807693
2015-12-22,2698.205878197975,139.67616678068129,5479.239938830605
2015-12-23,2186.908539281374,-464.7032951919557,5071.520726162485
2015-12-24,1536.2153239024174,-1207.5745695562666,4198.949735884221
2015-12-26,2430.2303052203456,-186.75225083856304,5252.63396274821
2015-12-27,2099.732350078825,-785.8372351984242,5058.120053977899
2015-12-28,1880.4071125349442,-854.6891029932957,4640.673787631504
2015-12-29,2120.671097692076,-663.5706386400008,4666.627965408731
2015-12-30,1567.5315785524522,-1053.7525972488945,4283.756644475268
2015-12-31,881.4714643748023,-1819.7455087933072,3509.478330486903
2016-01-02,1727.7757175458312,-1059.1495273583744,4623.061965844219
2016-01-03,1386.3429915944505,-1295.0219636006304,4084.711767362365
2016-01-04,1165.336509340851,-1631.9816154921339,4023.11355708008
2016-01-05,1413.4051116373137,-1374.6287904989217,3978.1623509668852
2016-01-06,877.5785109012252,-1789.2311699602344,3674.7965131043693
2016-01-09,1143.8361421145346,-1953.2415727583773,3639.366493279479
2016-01-10,853.7392668454115,-1748.9734366123182,3487.5464577560856
2016-01-12,1001.8511393444558,-1477.308812745027,3796.58774520911
2016-01-13,533.3162997150023,-2321.9464875084823,3205.3592362790228
2016-01-17,790.9572239140736,-2056.929072293815,3508.108817509909
2016-01-19,1066.5212297564156,-1480.225164363532,3855.018672276913
2016-01-23,1252.1428122311524,-1304.192585121805,4139.708003064544
2016-01-24,1053.1939848273753,-1829.4552018257416,3825.049819993582
2016-01-26,1342.693529529975,-1412.0090452555182,4206.898604300585
2016-01-27,921.6383776625114,-1898.3863061419295,3635.74267897973
2016-01-28,362.9677103059935,-2296.470581067368,3153.440660823839
2016-01-30,1440.9327099549134,-1310.2647968250744,4322.303644553185
2016-01-31,1199.7138962533372,-1511.0159920590602,3856.3510715987086
2016-02-03,910.190095264602,-1891.5304365509642,3739.31547410648
2016-02-06,1255.9436163356156,-1363.3663917803115,4115.048188225158
2016-02-07,960.831101837413,-1645.4275806761268,3716.230796881591
2016-02-08,778.0024182305172,-2092.770945619484,3413.741547066589
2016-02-09,1056.174268481443,-1589.1204718882807,3828.3072832289513
2016-02-10,542.6431994035952,-2135.492553781433,3033.0116957081386
2016-02-14,541.7612197244214,-2246.194666726276,3341.218933728413
2016-02-15,372.17444677064486,-2435.6764987637684,3116.263187885428
2016-02-16,674.3794509745466,-2021.706306375289,3542.0353511657345
2016-02-18,-404.5349973475177,-3093.545716758198,2250.269376666038
2016-02-20,647.5646433798479,-1908.180538980855,3371.740042948686
2016-02-21,423.9945609462509,-2295.146555295343,3154.331653931417
2016-02-22,329.23774595092004,-2202.661350700857,3168.0165863094207
2016-02-23,710.5008194097051,-1846.4354315788878,3474.758939831154
2016-02-25,-204.0757709147913,-3006.276656500289,2326.9492345871845
2016-02-27,1009.42875453372,-1493.6481652378548,3669.470863766065
2016-02-28,861.2827974167704,-2075.621908305174,3629.553598496616
2016-03-01,1280.3328654633383,-1525.7795470856386,4138.356367105702
2016-03-02,937.4408022059918,-1744.5891848308356,3661.3840163724626
2016-03-05,1736.820222388812,-1279.879810158576,4535.834013166462
2016-03-06,1600.8168793416226,-947.8644402071554,4336.557738069191
2016-03-07,1576.3620854113133,-1273.9867232728811,4315.080819597239
2016-03-08,2009.2838102212597,-725.4686624543871,4781.051279360631
2016-03-09,1644.0251905391397,-1141.1161881141427,4479.622685145895
2016-03-10,1138.5807479129328,-1558.05784631811,3807.1039530318676
2016-03-12,2315.042211161214,-428.43078324262643,5348.256274020397
2016-03-13,2118.9873326524657,-839.6802514771205,4951.731287022816
2016-03-14,2027.8485930983738,-961.6234750112493,4700.483836295285
2016-03-15,2388.845239372039,-562.8522626498244,5031.1261986114705
2016-03-16,1947.8934692360388,-684.6418719487872,4657.763592119239
2016-03-17,1364.5076700308016,-1373.380638030626,4254.288354224761
2016-03-19,2384.4425644548323,-324.2132063059581,5173.322785558517
2016-03-20,2112.759219775442,-791.0019356831621,5101.565031404541
2016-03-21,1949.5914145553347,-646.7992491179502,4809.7573175915
2016-03-22,2243.399194661262,-474.22763236462447,5109.017524162221
2016-03-23,1741.194969199648,-954.6337320829467,4613.849254816477
2016-03-24,1103.4230923108942,-1640.825167508755,3788.3901103438984
2016-03-26,2037.9756153166952,-809.1956870277274,4905.727045176013
2016-03-27,1736.1948669143549,-995.4036025668304,4394.776959856984
2016-03-28,1551.584505205017,-1157.2090958537665,4330.950301891728
2016-03-29,1832.5456001672974,-840.5520377742974,4660.752602553212
2016-03-30,1325.8375523333186,-1513.3401876187113,3904.0685530061896
2016-03-31,691.4702421231864,-2039.2646540753094,3644.3242549845863
2016-04-02,1654.0160772402564,-930.7916264244699,4321.851909653393
2016-04-04,1218.3298810264114,-1437.53266028473,3911.713290492541
2016-04-05,1530.7312784414069,-1207.3137776782362,4236.895369344971
2016-04-06,1058.115343518052,-1736.5385587711182,3870.995484293144
2016-04-07,459.4173785313287,-2231.130798621257,3178.3968035692224
2016-04-09,1493.8535923614045,-1329.1025204595765,4125.805496422472
2016-04-10,1249.3227405037378,-1424.9680192925662,4151.762111054057
2016-04-11,1124.4247699027494,-1401.5318087037485,3889.5537335951617
2016-04-13,1018.5248366457552,-1597.2186255668032,3738.6425091516794
2016-04-14,441.07134976758084,-2372.9556665836913,2885.6472662918327
2016-04-16,1504.550552149503,-1458.4034800430525,4298.412435025154
2016-04-17,1267.618034351758,-1376.0994725490727,3923.9936974414277
2016-04-18,1145.8135386523722,-1693.6722856521164,3993.252189857158
2016-04-19,1486.0296191490386,-1253.1463138487604,4100.863207238819
2016-04-20,1033.729409977409,-1643.7593810495468,3702.9023486415354
2016-04-21,447.86402912033327,-2302.8989596547967,3344.4225906502415
2016-04-22,1056.1561800005406,-1822.4269080934462,3603.022223735544
2016-04-24,1234.9800814931073,-1405.2003854531292,3890.39522712806
2016-04-25,1097.6045271479798,-1532.8452593333839,3505.441479586559
2016-04-26,1422.2446065102167,-1264.0151885401438,4230.854095392649
2016-04-27,955.0762922457989,-1775.7839225091761,3714.7275569430135
2016-04-28,355.7255182226868,-2210.501362790732,3190.8985180017025
2016-04-29,952.5324544866846,-1740.132719790147,3785.425680082301
2016-04-30,1374.1828917336875,-1373.8860395780735,4264.519419502019
2016-05-01,1116.468706388236,-1553.4296038068883,3945.357197617057
2016-05-02,976.4967922090649,-1847.3231971240161,3645.5154195065925
2016-05-03,1302.1323461868592,-1405.7289636374794,4201.094038296236
2016-05-04,839.6789092599267,-2091.8300989751665,3480.686828252287
2016-05-07,1294.7781460882163,-1331.6351376413063,3950.957144718235
2016-05-08,1055.6318710340659,-1481.838210506622,3679.3690803545937
2016-05-09,936.9058013456637,-1783.6896196254413,3582.4749526324103
2016-05-10,1285.9769759644482,-1337.0282386464526,4002.6722646043904
2016-05-11,848.5902152673891,-2016.3853038111067,3333.2146854832413
2016-05-12,283.7783506145722,-2287.009690863692,2997.1069797129203
2016-05-13,919.1425387712128,-1736.6653031128672,3594.47323625854
2016-05-14,1382.5065273434866,-1197.435078003402,4189.4068421980355
2016-05-15,1168.7030830321573,-1702.69173499795,3974.4660793904727
2016-05-16,1073.8111729377454,-1698.8200867758578,3665.043322402623
2016-05-17,1444.6289434020705,-1252.7650064094132,4041.283774280822
2016-05-18,1026.3840308893793,-1822.903048677143,3637.0291862163613
2016-05-20,1125.6813883735979,-1611.0957661620494,3895.049929251847
2016-05-21,1597.995827070388,-1179.185440585439,4364.991839404943
2016-05-22,1389.2475438806289,-1463.1650596455192,4252.179475614405
2016-05-23,1295.4274683873857,-1309.8521191680368,4160.084060117401
2016-05-24,1663.3449015013466,-1073.2304290165107,4366.759017904492
2016-05-25,1238.3356778072184,-1284.3854522343015,4039.8556677627575
2016-05-26,679.1819238928033,-1917.8830646105018,3355.1314737814323
2016-05-28,1768.8913528829917,-786.5184481900121,4318.873108233344
2016-05-29,1540.7295058441885,-1204.6933035875318,4274.71151146962
2016-05-30,1425.382256065985,-1289.5531477243662,4062.1618928333273
2016-05-31,1770.1742491763084,-946.923273794027,4550.032182413177
2016-06-01,1320.9800690641089,-1432.5708169793763,4041.2861900063726
2016-06-04,1778.0539229294893,-667.5928740911819,4473.867043961214
2016-06-05,1526.8143566105462,-830.9013858924222,4335.5859892164535
2016-06-07,1714.9413528268217,-1129.9079703954956,4551.381879181728
2016-06-08,1248.2215967502761,-1527.3431173448498,3963.6492293600377
2016-06-09,649.2988169415889,-2187.0407082552074,3433.4474093734234
2016-06-11,1668.095998783362,-978.6835159171266,4292.287518621941
2016-06-12,1409.9404988640597,-1429.8331650168022,4203.944963755667
2016-06-13,1268.8182285269058,-1344.7045746799272,4300.836746059841
2016-06-14,1592.3341890291692,-1265.4881368311978,4427.935022293605
2016-06-15,1126.5182290772723,-1620.591438395666,3990.2321252136826
2016-06-16,530.731587441744,-2249.819440122454,3200.897204894655
2016-06-18,1561.3848006976434,-1236.8802015261801,4127.938604557173
2016-06-19,1311.3156353416548,-1354.7337804510348,3937.2987370916053
2016-06-20,1179.2665296519385,-1565.4697267408771,3709.998832971765
2016-06-21,1512.4975584747526,-1127.8763840141596,4204.195411260878
2016-06-22,1056.7016226962223,-1683.896017985108,3841.5443036833035
2016-06-23,470.92081032994975,-2149.834430415236,3281.861425612346
2016-06-25,1520.4073379898086,-1377.1859524693652,4391.539665945921
2016-06-26,1278.7091680145418,-1454.0725342615472,4097.994514024592
2016-06-28,1493.6427738772109,-1207.5604889836782,4264.506737857428
2016-06-29,1043.0280504565487,-1573.4616412082748,3853.0201797246177
2016-07-02,1515.3209808939735,-1187.0715768779564,4288.633366163764
2016-07-03,1274.3575315904452,-1327.6261765900808,3943.030007160209
2016-07-04,1149.6032793316394,-1689.4021750992122,3886.7857383229302
2016-07-05,1488.3557683286015,-1298.7351948586163,4261.265283405432
2016-07-06,1036.4131442005435,-1722.4342964226464,3902.538851475692
2016-07-08,1065.9552128138503,-1670.1676480995227,3795.861056506212
2016-07-09,1503.5536894673394,-1228.9698983524634,4131.991191451791
2016-07-10,1261.1021047981403,-1661.3950618245894,3903.736664231906
2016-07-11,1135.2492483891863,-1474.471098008541,3762.1292736664586
2016-07-12,1473.4236304425121,-1211.593027832375,4203.67855093821
2016-07-13,1021.5247786402815,-1715.0270515571378,3883.3082030044784
2016-07-14,438.827971946052,-2272.3623203292295,2995.2987390701114
2016-07-16,1493.0370560817912,-990.9434054594927,4191.415022700448
2016-07-17,1253.450203021915,-1503.0540095316815,3802.7749049613863
2016-07-18,1131.077771288957,-1651.9948762620413,3891.396354220911
2016-07-19,1473.2498453178973,-1359.0495323158289,4176.086067364116
2016-07-20,1025.7430318761067,-1546.4872257865686,3675.402458652642
2016-07-23,1511.3233685839766,-1208.9704413125728,4169.568545348781
2016-07-24,1276.1970369847636,-1422.2021056223034,4026.204580734212
2016-07-25,1157.9152733684623,-1437.408013844544,3701.178374146098
2016-07-26,1503.6745307245556,-1393.5265833370472,4537.1957073858375
2016-07-27,1059.1403185805118,-1677.9354002686102,3785.293260775616
2016-07-30,1549.2955743613084,-1275.19726861456,4160.88352792793
2016-07-31,1314.2097042963271,-1560.0774221416777,4021.2819422551643
2016-08-01,1195.3076606571597,-1626.6851219873272,3900.1334007429687
2016-08-02,1539.8964570915102,-1089.8869599679351,4165.5770601283575
2016-08-05,1135.1543794306663,-1459.5267113281748,3787.023384022606
2016-08-06,1578.8553387700854,-1059.6787885240358,4523.81017302339
2016-08-07,1342.755697146837,-1479.8061541680743,3915.693731194641
2016-08-08,1223.6313664085644,-1706.3136984860257,3884.0320115666423
2016-08-09,1569.0694324909089,-1175.9707323432501,4404.904440706443
2016-08-10,1125.1601720800063,-1487.8188785279508,3890.758592838902
2016-08-11,551.4011414209058,-2025.507819997024,3299.3968430007267
2016-08-13,1627.363031165278,-1255.2324068395988,4421.931047775914
2016-08-15,1294.274201863461,-1450.4237441185978,3914.547149460588
2016-08-16,1654.3335879959134,-1139.4184772288868,4270.187751862891
2016-08-17,1227.516285570314,-1630.3070750147458,3982.272410125683
2016-08-21,1593.6673364642375,-1162.9408353763447,4345.420414241235
2016-08-22,1513.6540458364059,-1131.833835004808,4258.379124114837
2016-08-23,1901.6772234854575,-815.0010985763454,4759.5838214105825
2016-08-24,1503.4096875094776,-1100.0326856609952,4153.633249099751
2016-08-25,977.8258539213376,-1838.21257773725,3936.9812964252746
2016-08-27,2155.1593953156444,-655.6443993323044,4835.741185148123
2016-08-28,1980.6570010371859,-731.5668195320497,4612.4388003433905
2016-08-29,1925.0105166464627,-829.9201159845899,4664.609916119136
2016-08-31,1955.6785124639916,-679.6284669246576,4726.0851751129585
2016-09-01,1445.639675021027,-1201.5261989616529,4348.631947410655
2016-09-03,2642.0243848185555,-3.148257300717298,5209.774177432324
2016-09-04,2470.296126303497,-13.616849042548672,5423.135413659341
2016-09-05,2412.540144135736,-288.0121303107014,5126.337788304903
2016-09-06,2815.303743860428,65.06694457009893,5391.037885841231
2016-09-07,2423.6241497777405,-402.83209678217133,4673.641331657887
2016-09-08,1895.9506756992873,-872.3885684003434,4618.986597310133
2016-09-10,3041.595256471832,405.23224433824277,5809.684359241692
2016-09-11,2837.09398591358,40.02618833478534,5489.448433626498
2016-09-12,2741.984034566366,80.78745238243843,5398.968868886411
2016-09-13,3103.1722466900574,417.4144379599213,5909.537686480402
2016-09-14,2666.1239715556385,-206.54389747495284,5439.253136186502
2016-09-15,2089.7785087495777,-683.7593486611817,4577.588553941964
2016-09-16,2701.83269013693,10.759155042511095,5455.358409801276
2016-09-17,3130.3914128027254,311.1417231539151,5835.8353547665565
2016-09-18,2870.7465875283233,70.63795497014151,5520.967611787432
2016-09-19,2719.6033970013514,-150.98019275472586,5321.2138922680815
2016-09-20,3024.5392867549836,164.31394059627397,5671.26148495028
2016-09-21,2531.6976632687188,-265.50617553515843,5185.338225232623
2016-09-22,1900.6936741496097,-636.5732381375929,4441.803658823849
2016-09-24,2838.030535677137,-42.330772833725625,5659.815400016712
2016-09-25,2531.0267832171908,-277.33241811532207,5569.195211041266
2016-09-26,2336.1605581354747,-375.21827454378575,4877.381481050989
2016-09-27,2601.543903292829,-245.5625224225136,5392.318901076605
2016-09-28,2073.805005097739,-718.4502543247667,4797.602638062968
2016-10-01,2307.371259250133,-507.6261521647901,5190.778719120036
2016-10-02,1987.772334081648,-657.4898899581972,4763.408509340683
2016-10-03,1786.4840743311843,-841.8871107921618,4721.548381103348
2016-10-04,2051.7206308327686,-664.853025284835,4636.80896345838
2016-10-05,1530.1419962436132,-1248.5166457336322,4257.87300420999
2016-10-08,1819.6956220252464,-774.6128028365658,4674.0730966907395
2016-10-09,1530.543640238522,-1268.3039764890746,4158.146233893813
2016-10-10,1365.1367310264616,-1371.514630188543,4171.929717671499
2016-10-11,1671.3206372448653,-1256.186501615029,4197.497744566954
2016-10-12,1195.3288641516795,-1460.817123740956,4138.348834326125
2016-10-13,596.6869195236684,-2198.6756689453014,3455.2051790225128
2016-10-15,1644.0315463016962,-1222.8196011224409,4578.3892746971815
2016-10-16,1413.6087073708468,-1363.3810477536938,4085.5370367109385
2016-10-17,1308.7161703006252,-1471.3728097398493,4016.139048274637
2016-10-18,1676.5213000032882,-1059.8007653126692,4198.502464910685
2016-10-19,1262.558071974127,-1430.5085383343178,4003.9164077475184
2016-10-20,725.6386509724229,-2063.5877521887055,3549.4156824448246
2016-10-22,1892.6353324327451,-736.9571186377025,4808.27650201414
2016-10-23,1718.7191242304564,-1158.0318856776034,4468.658773086105
2016-10-24,1667.1991911585808,-1073.7605723464383,4358.166357630064
2016-10-25,2084.5865632600494,-701.7828359732614,4770.1198693286115
2016-10-26,1715.7977976315954,-1073.0355188001586,4385.666243068852
2016-10-28,1921.2827116225958,-835.6013638714165,4671.255094321435
2016-10-29,2449.558887250958,-293.31643343226455,5260.490080786181
2016-10-30,2298.1170850448934,-469.63937305033744,5311.5300507852535
2016-10-31,2262.482733429311,-388.27880894965244,5147.866762482225
2016-11-01,2688.970119994927,17.267695923398332,5270.6448846425965
2016-11-02,2322.3946004905383,-435.98203376026754,4996.053693461181
2016-11-03,1820.9980727131888,-1028.59211684883,4356.028928630817
2016-11-05,3021.978270523852,325.1464611408738,5681.511767034958
2016-11-06,2846.2238421362304,131.9847875353911,5520.809562695242
2016-11-07,2780.4164342866698,-103.30114848109075,5543.483039270146
2016-11-08,3171.377658876884,469.41213281102625,5813.226858372492
2016-11-09,2764.5204356542963,-55.424406124180344,5590.247888222268
2016-11-10,2218.7659913057905,-598.1913538513054,5085.201104844392
2016-11-11,2861.8281460418116,199.00517656024337,5567.863910271905
2016-11-12,3321.863551983049,625.5530602286251,6035.173853865387
2016-11-13,3094.2492160937327,226.43336107548285,5675.290222277337
2016-11-14,2975.8060956772288,255.60157526236708,5716.541578011491
2016-11-15,3314.2541161989493,591.2637104560749,5930.419535149459
2016-11-16,2855.9005516468987,-23.792321346475436,5526.795050021761
2016-11-17,2260.5391526193557,-460.9948663110702,5083.529992485752
2016-11-19,3273.364144042027,554.3392944279587,6137.38493191441
2016-11-20,3006.559794181745,190.4686646707396,5743.060480424011
2016-11-21,2853.8830923909118,73.04581405845869,5614.4476785700635
2016-11-22,3163.4099789414913,421.9147041207534,5881.612725510784
2016-11-23,2681.8350273283468,-135.14728661926537,5264.149414631882
2016-11-24,2069.211439793303,-587.2107891590622,4857.823290987835
2016-11-25,2654.2096400323044,-34.473708450121634,5435.413506257108
2016-11-26,3065.74494427795,515.2301593631474,5665.249935389793
2016-11-27,2799.7362704275247,234.89179139127418,5531.8302550858525
2016-11-28,2653.3152358345214,-321.30771611522596,5396.701044139057
2016-11-29,2974.271474576938,503.5972004319861,5705.7079223542305
2016-11-30,2508.7364982315707,-251.31956498346437,5490.121016395611
2016-12-01,1916.083758033171,-831.5956540553043,4570.585655122251
2016-12-03,2961.1372468566724,362.79582400108643,5761.644901540134
2016-12-04,2721.876289309139,-106.73071232628955,5489.8037961100035
2016-12-05,2602.5718819744675,-233.63085815421678,5477.885020147311
2016-12-06,2950.0137651278155,363.19693627823966,5474.461047798486
2016-12-07,2509.336066240011,-107.44666142137264,5269.523885005437
2016-12-08,1938.9419310327016,-741.2006597654096,4926.19566158973
2016-12-09,2565.800816324191,-207.76301509479458,5517.090784923371
2016-12-10,3017.1169274503213,71.36839222817748,5865.0810537868665
2016-12-11,2787.129828887742,-149.45778504297283,5428.970936067669
2016-12-12,2671.3655928545713,-34.20616700794103,5444.03086665307
2016-12-13,3016.123299176138,341.0669791432947,5783.181190603696
2016-12-14,2566.1981864800223,-70.27643662150258,5347.746168910886
2016-12-15,1979.818107908562,-715.1551307210693,4630.808616568573
2016-12-16,2583.948887880367,4.4225596568137355,5413.8832635833205
2016-12-17,3005.966776497956,217.83314887684358,5815.395055326675
2016-12-18,2740.458839020577,-10.492973347127515,5426.301309694198
2016-12-19,2583.469556033568,-77.86240986870904,5508.897668769614
2016-12-20,2881.9784653451193,121.5026615870267,5590.263375200903
2016-12-21,2381.610272306378,-426.3400744251023,5194.959539033737
2016-12-22,1741.5543164430148,-961.6266522369323,4409.507401460412
2016-12-23,2289.8493302012107,-367.10609950225825,4834.324688699383
2016-12-24,2655.0321237435564,73.44974125193184,5508.951771406278
2016-12-25,2332.911559553675,-386.65377451049346,4858.51154318934
2016-12-26,2120.786696179105,-728.4588922109665,4836.725229858632
2016-12-27,2366.894599394151,-22.78260071097283,5104.72710146645
2016-12-28,1818.0899623413582,-1062.9357194627926,4502.060640727965
2016-12-30,1645.9504858894036,-992.5590537341512,4388.054921797417
2016-12-31,1981.2447897387444,-813.3756928045503,4542.226827975597
2017-01-02,1412.176549169043,-1279.7406242304287,4098.274501670973
2017-01-03,1654.3778026977561,-1081.6470848267948,4340.517471483921
2017-01-04,1111.1136982640646,-1439.54755841895,3785.6201473861024
2017-01-05,442.8211197846981,-2284.8006265338126,3192.7204973399303
2017-01-07,1347.260493794059,-1351.4985816495011,4073.59373028937
2017-01-08,1045.2227157209652,-1727.4017888688024,3728.1206668974864
2017-01-09,869.5758102967728,-1980.789323726375,3409.6724927881046
2017-01-10,1168.0950403057102,-1511.81157763234,3923.979253137898
2017-01-11,686.8116200821296,-2002.2310263666784,3336.5930895268048
2017-01-14,1129.877599238237,-1553.8268036587021,3581.544580622612
2017-01-15,899.0375222059821,-1743.2684297672374,3697.7471068487807
2017-01-16,793.2150036115088,-2121.5391927184883,3543.567749771692
2017-01-17,1158.7062878501408,-1568.927708749669,3709.7518775529975
2017-01-21,1333.0087364965682,-1364.0583414613561,3610.900765601974
2017-01-22,1135.880542929497,-1478.56325704487,3973.3541402946853
2017-01-23,1054.3827324553222,-1582.6155244738547,3546.3377253236026
2017-01-24,1434.3685796433233,-1214.5047762874347,4108.052943380544
2017-01-25,1020.2387751932068,-1542.1596055526877,3774.207175897487
2017-01-28,1567.7669685727308,-1176.1951766117274,4261.325854317293
2017-01-30,1215.579501104058,-1447.422882080877,3798.931110721394
2017-01-31,1548.5993624877487,-1032.2241551042687,4126.497767691328
2017-02-01,1082.3879385185567,-1995.1940739070355,3724.782948438065
2017-02-02,476.26636050829256,-2318.4554794139553,3374.912226217143
2017-02-03,1058.4572830150296,-1601.6298850440817,3798.198825733043
2017-02-04,1457.7251239996394,-1448.4300700768108,4219.954518030654
2017-02-05,1170.1405413499763,-1683.361947661473,4141.402969058662
2017-02-06,993.288315659279,-1870.2465783737546,3670.0231070286013
2017-02-07,1275.704445775617,-1469.2042288552707,4046.0601376036766
2017-02-08,764.544915276207,-2128.0371295739865,3568.3678809140397
2017-02-09,120.46407859312808,-2709.5296270453423,2840.595643211374
2017-02-11,1051.4840682546733,-1793.2610647172978,3795.0867763878664
2017-02-12,753.1842720337512,-1995.6514997448458,3402.631911354679
2017-02-13,576.0901825964302,-2086.1548276905874,3363.1874217898962
2017-02-14,869.0376710567729,-1828.0965347711303,3470.0659459321287
2017-02-15,379.2291304903117,-2336.749586959555,3142.00054726984
2017-02-16,-232.8902937430446,-3131.847175737933,2229.2284597366693
2017-02-19,553.5752660953663,-2123.0979428219757,3127.445928492953
2017-02-20,443.94283283184654,-2234.3401956162365,3061.5787038039352
2017-02-21,810.4251242405676,-1889.4853450121325,3581.1934609250015
2017-02-22,398.8236377700746,-2326.683624405743,3123.6499113456694
2017-02-23,-132.05150035630595,-2879.9952237554267,2696.5250178710417
2017-02-25,1057.5828224418728,-1974.06106580213,3892.7822839434934
2017-02-27,866.6896525940964,-1723.3488924318006,3597.29281461054
2017-02-28,1304.5786575787629,-1403.8016859870852,4097.32379664582
2017-03-01,957.6111474063476,-1624.0602082205742,3755.7612435273104
2017-03-03,1207.8745796040066,-1440.2095356731766,3844.020526100395
2017-03-04,1757.6435084446873,-854.3690927141894,4622.236812133832
2017-03-05,1626.1316384850807,-1275.4101085330722,4486.453000791498
2017-03-06,1608.1825160807641,-1272.6073958579377,4327.123440575543
2017-03-07,2049.4868671679496,-381.78076215654175,4847.996151502029
2017-03-08,1694.3128436268353,-966.1329489151775,4541.42111676266
2017-03-09,1200.446743571375,-1663.8249405255779,3948.5952127567107
2017-03-10,1894.4997621288885,-799.093711165879,4754.1137229350725
2017-03-11,2403.579021583066,-195.5349765694748,5054.806664919789
2017-03-12,2222.0838603718644,-373.7397493657625,5035.015747086501
2017-03-13,2145.945883046165,-244.91705180132752,4835.604295355643
2017-03-14,2522.0979055265875,-319.99855750620554,5346.198227069274
2017-03-15,2096.173591881544,-689.5368859877708,4900.202819188085
2017-03-17,2143.945096139174,-683.0835530020976,5132.232260151364
2017-03-18,2574.40238015056,-225.25552112882517,5397.892029472676
2017-03-19,2314.702784652358,-477.4028010449643,5055.972800871911
2017-03-20,2162.244916294501,-460.607097647575,4884.259909557869
2017-03-21,2465.3465856335743,-258.0065587579191,5165.837836210085
2017-03-22,1970.9145354274865,-727.957068313015,4757.687733581068
2017-03-24,1899.6753939745226,-1001.4394341910189,4519.826078177102
2017-03-25,2281.39686483862,-747.2887799699763,4999.406669655146
2017-03-26,1981.006421430635,-825.3397416080788,4720.849646284037
2017-03-27,1796.3017836976876,-752.1545100765312,4664.428654597541
2017-03-28,2075.7949206312887,-577.5442394743009,4668.794646712503
2017-03-29,1566.38353559143,-1204.7037783970673,4240.060933108074
2017-03-30,928.2388314967906,-1877.6477270249704,3625.646632999836
2017-03-31,1490.0662868430777,-1364.6219843350093,4308.70180623321
2017-04-01,1880.738672424369,-701.2709150569577,4672.530602513103
2017-04-02,1596.0630536433544,-1071.9886117951369,4228.135985469602
2017-04-03,1433.0008141756216,-1240.750931240875,4124.100429383891
2017-04-04,1739.1261269549093,-1064.6675203039817,4540.340817641209
2017-04-05,1260.3247148125508,-1292.9614481783105,4128.321067847523
2017-04-07,1252.912720943994,-1460.6296325466997,4021.115245081991
2017-04-08,1679.74216104878,-903.8515678268155,4646.3971008287435
2017-04-09,1431.0157729212322,-1246.7359436689742,4126.240101482226
2017-04-10,1302.6988846927077,-1318.7980642822374,3893.59423566419
2017-04-12,1192.513568622731,-1319.221527793936,3908.1442867661635
2017-04-13,614.234249734908,-2084.287308796078,3431.9165033540858
2017-04-14,1233.7776652148896,-1559.080331885078,4144.275078019983
2017-04-15,1678.5912597393656,-881.1261972555615,4236.026970256709
2017-04-16,1443.2449115116553,-1172.1786718638411,4234.539477120432
2017-04-17,1323.6767009766797,-1494.4626191879508,4192.504122309665
2017-04-18,1666.670577829943,-1137.8751610949766,4341.703445423369
2017-04-19,1217.5674232134056,-1507.3759449260763,3817.7083987707283
2017-04-21,1247.1130774959668,-1398.5010378221011,3818.9358193143435
2017-04-22,1681.3515942510596,-1219.8754605132053,4446.314474994656
2017-04-23,1433.1046697960132,-1194.5433839437717,4028.7427248046097
2017-04-24,1298.9979885297628,-1394.144507073968,3923.7049703393923
2017-04-25,1626.5359048307112,-1000.8817560863625,4375.059016318453
2017-04-26,1161.7901204323184,-1605.0327004949422,3843.9974057359
2017-04-28,1162.3340908541095,-1585.4632778913217,3793.8500959290295
2017-04-30,1326.6621872389935,-1389.7802919272324,3977.3340011154687
2017-05-01,1185.8236770860588,-1516.9828194529873,3876.9021934139587
2017-05-02,1509.90079060677,-1122.8097543947772,4401.397083153466
2017-05-03,1045.2360060163019,-1850.9614530916654,3901.961212658318
2017-05-05,1057.0771431107237,-1399.0672236788225,3814.051070666732
2017-05-06,1490.4557118531457,-1335.4794792972416,4232.0416511418625
2017-05-07,1247.2368000088222,-1500.6033713771776,3885.049102444771
2017-05-08,1124.2289832239712,-1465.0818126009292,3976.883334535143
2017-05-09,1468.9256436552052,-1152.40182421333,4076.20512657785
2017-05-10,1027.1966089134369,-1605.9928738067126,3784.4501593649557
2017-05-11,458.19583801207114,-2248.4400802047603,3361.722702620328
2017-05-12,1089.6414186081024,-1746.5408008190514,3662.1285060664923
2017-05-14,1332.6036144010295,-1448.7223255583917,3964.5894544304488
2017-05-15,1235.2176923499824,-1586.74622784142,3884.3037986682293
2017-05-16,1604.1784830002007,-1431.5862412256474,4237.282095444106
2017-05-17,1184.7683647686524,-1589.7606880949588,4074.717337350588
2017-05-18,635.6058333037565,-2017.003196129212,3486.5310276329396
2017-05-19,1283.939398257019,-1592.6631985706795,3918.422859018799
2017-05-20,1757.31047883541,-960.1282520286258,4595.897019684421
2017-05-21,1550.3463426722788,-1287.6914027428716,4304.605190151114
2017-05-22,1459.0015405057768,-1141.5055644339843,4132.410018393254
2017-05-23,1830.032810431716,-687.4743322931541,4420.412203483292
2017-05-24,1408.7098055049441,-1306.4453777136762,4198.869143385589
2017-05-25,853.7344838917293,-1993.7590126025937,3484.950326674892
2017-05-26,1492.5333407969842,-1349.5220794490106,4295.82475197025
2017-05-27,1952.912864368605,-663.8095255464045,4828.339019225706
2017-05-28,1729.8436157595004,-949.2281660173226,4554.839666996925
2017-05-29,1619.6908653351722,-1181.7219045367788,4222.236658416534
2017-05-30,1969.6771092123668,-643.2520921303118,4743.043441715338
2017-05-31,1525.578385364766,-1187.4044980164804,4339.849532004949
2017-06-02,1560.8103227221193,-1134.4336428957624,4081.8377289099303
2017-06-04,1749.0936361939416,-1004.7993322312932,4280.871886633185
2017-06-05,1615.5598206858624,-1214.2985626427687,4520.96321650553
2017-06-06,1943.5418129015309,-762.3644646326188,4471.249284900516
2017-06-07,1479.2190393179176,-1277.0667454426552,4264.786569824389
2017-06-09,1480.643826595304,-1350.9349363883396,4156.672588318279
2017-06-10,1903.1906529324199,-884.7071887179331,4883.888338968042
2017-06-11,1645.4356727356173,-1062.5579180504665,4255.476759106245
2017-06-12,1504.2929333773727,-1434.4080606571451,4191.315287483621
2017-06-13,1827.4183458267312,-906.6154450005296,4621.73021065494
2017-06-14,1360.899399151926,-1411.4170230848515,4291.286090492204
2017-06-15,764.1596843493379,-1938.7508203891393,3738.1743000528163
2017-06-16,1365.2345797445191,-1467.4996099447433,4163.24308256924
2017-06-17,1792.416996629134,-752.8220470871973,4523.932635962334
2017-06-18,1541.0346542558157,-1304.9301052060669,4223.637467097512
2017-06-19,1407.6777062105446,-1492.4272201156382,4022.8731994477534
2017-06-20,1739.6619974172504,-1021.282738978003,4633.31542771937
2017-06-21,1282.7297178349077,-1353.9429260976653,3919.72977799386
2017-06-23,1307.0774406733913,-1539.1043660442467,3928.5853903208117
2017-06-24,1744.061325625399,-897.5579970480246,4683.91054550686
2017-06-25,1501.9764931610935,-1175.8737710741166,4385.8413150043825
2017-06-26,1377.18472977714,-1306.9195010222652,4036.8343252697437
2017-06-27,1716.8176471398237,-1045.1331544253715,4409.947127444745
2017-06-28,1266.4807534666163,-1414.6789721907244,4244.710238762864
2017-06-29,685.1703385411386,-1997.3927353692413,3496.710153738196
2017-06-30,1300.5592091608225,-1433.2447747433118,4004.2190074968116
2017-07-01,1740.649939577675,-771.7259178742421,4453.38237909231
2017-07-02,1500.5569588819988,-1342.4372403961545,4268.418485499164
2017-07-03,1376.736239532182,-1575.6941133434057,4069.143839193401
2017-07-04,1716.4478978534949,-928.7522646495062,4461.751718243693
2017-07-07,1296.7268240285703,-1390.7225836373632,4010.2056942113886
2017-07-08,1735.075296015474,-973.2161553787897,4534.40773075981
2017-07-09,1493.2523637974132,-1346.4113778287683,4105.145452943758
2017-07-10,1367.8930341731646,-1310.6582374431734,4077.285782581886
2017-07-12,1254.7288963475316,-1749.823496467037,3792.047648705947
2017-07-14,1286.4864713470488,-1467.971212021119,4000.354605691722
2017-07-15,1726.1107157099439,-938.4762124521275,4422.283322020827
2017-07-16,1486.2891661920758,-1501.86003951582,4214.963135989264
2017-07-17,1363.6285906400608,-1490.1964647058114,4258.098715270555
2017-07-18,1705.4889822669645,-1007.0417561313318,4236.123897189739
2017-07-19,1257.6781460335155,-1765.4172217452094,3800.2540803481675
2017-07-20,679.3606374409437,-2095.3493666860636,3592.0026199414397
2017-07-21,1298.3373565621027,-1474.8745167021357,3838.723154862291
2017-07-22,1742.6946595976592,-886.2211136035963,4233.401454557381
2017-07-23,1507.5844334206474,-1227.9463646590361,4219.253343653902
2017-07-24,1389.4539435198617,-1298.2447950077662,4335.283978640915
2017-07-25,1735.5107340103957,-1021.3769887365484,4285.838107323896
2017-07-28,1337.6744364663134,-1504.707422736603,4029.2573667694346
2017-07-29,1783.7499023004732,-1150.246322005983,4619.3771580130015
2017-07-30,1549.598834061843,-1010.3826773937644,4358.417869487436
2017-07-31,1431.686459684649,-1255.8485179308525,4213.353872464046
2017-08-01,1777.2793812369894,-947.7934606268386,4535.258707413749
2017-08-02,1332.147518466948,-1453.7643706620745,4231.728864441955
2017-08-03,755.4785513609822,-2169.6917112957976,3504.004458757726
2017-08-04,1375.160932496775,-1361.63896230105,4338.011199246302
2017-08-05,1819.4341651961047,-1062.7252792605677,4598.759147558593
2017-08-06,1583.6676976900894,-949.391679667039,4168.267261108923
2017-08-07,1464.587222846972,-1258.5759049983517,4138.828442760461
2017-08-08,1809.7337164875632,-958.6668810251947,4414.65236827993
2017-08-09,1365.1571178772842,-1216.5605419580618,4221.117979781212
2017-08-11,1413.3814080531715,-1259.7742684169025,4440.3344573450295
2017-08-12,1862.818263480805,-832.3112254214068,4714.42164518094
2017-08-13,1634.2152228973196,-1091.9521727646945,4447.693056968948
2017-08-14,1524.472772632852,-1156.2797846879491,4329.3740143161385
2017-08-15,1881.2607053443598,-1003.4790074258278,4578.916259879826
2017-08-16,1450.7052587280177,-1179.2577727750972,4232.968087037754
2017-08-17,892.2894267169753,-1607.1554878523373,3662.6464134376433
2017-08-18,1534.1229394600198,-1183.5265113219389,4296.633309942639
2017-08-19,2004.5810074112003,-983.6713287888612,4765.7234457474115
2017-08-20,1799.0735413874772,-814.9801011850502,4727.727092543155
2017-08-21,1714.2639515255435,-1230.0764674425093,4504.836113851776
2017-08-22,2097.574101811424,-625.0798874896354,4922.362587174882
2017-08-23,1694.7225786773154,-1030.0745760411237,4417.0679705897
2017-08-26,2334.495492353813,-257.0471452447666,4997.208326408228
2017-08-27,2156.9228628913456,-574.1607640292036,4852.831208724926
2017-08-28,2098.8233447213297,-416.3047725832696,4938.719816629189
2017-08-29,2507.0262095461303,-7.687640405391574,5466.808069950796
2017-08-30,2126.7641799486614,-630.9589646644507,4840.584060587914
2017-08-31,1616.5905984461122,-872.6702795162455,4417.7411165267395
2017-09-01,2303.6674978357178,-576.6244687329244,5118.820891018149
2017-09-02,2815.4232509789413,250.75226365059243,5802.693449478789
2017-09-03,2646.3410754293145,54.718347534008934,5325.084528350165
2017-09-04,2592.197052079383,-78.02361400114539,5407.757053062708
2017-09-05,2999.5328075401576,424.58197441756084,5900.208347663916
2017-09-06,2613.3645316439083,-15.861031459161664,5471.5578224331975
2017-09-08,2762.8572804906053,67.79460012809768,5645.194073568049
2017-09-09,3253.0707381491557,460.148792188753,5878.009162253081
2017-09-10,3057.333929876527,304.93066707439453,5676.419011801163
2017-09-11,2971.609724923742,344.0293094364464,5662.190653516877
2017-09-12,3342.7058549676285,557.5350234691307,5954.494898538549
2017-09-13,2915.9799818150595,216.09402680127644,5747.850838579996
2017-09-14,2350.256829098007,-309.16300026957043,4857.277261369236
2017-09-15,2973.113528998492,106.12260313507043,5677.2134865453845
2017-09-16,3412.5319622757925,487.67131446964754,6261.302518114395
2017-09-17,3163.6795213483906,637.9344623733044,5841.029475656039
2017-09-18,3023.137157763076,334.2572504071291,5647.719318320956
2017-09-19,3338.3601070900304,758.0216826908695,6253.006743000657
2017-09-20,2855.3732389628613,-99.67831528375739,5659.345371502168
2017-09-22,2801.529968535002,166.92055276554348,5457.662620336233
2017-09-23,3187.577890934355,239.85982518841234,5984.561395965521
2017-09-24,2887.639229260597,81.58177071906371,5654.242595189816
2017-09-25,2698.9177553775057,-245.33784851153936,5476.775000229117
2017-09-26,2969.4567624736364,267.4598445843533,5788.985741285994
2017-09-27,2445.8272348863557,-111.52110565617285,5248.524452064213
2017-09-28,1788.0287743060296,-844.8081605824407,4584.405053104233
2017-09-29,2324.7596506970444,-205.37694458983228,5170.734445998408
2017-09-30,2685.054939686418,-302.54087652409726,5361.498917599823
2017-10-01,2365.054324626756,-384.0112410010356,4871.025868377005
2017-10-02,2162.2185380902124,-565.88520098223,4920.693626409855
2017-10-03,2424.779915355043,-228.11603640052965,5139.26880228082
2017-10-04,1899.453579024942,-1007.2625951426141,4527.27581727614
2017-10-06,1793.888556727501,-929.1523307669848,4694.708630649726
2017-10-07,2171.271582397451,-486.3951789188113,4947.79323285554
2017-10-08,1874.3933742669776,-1045.05154811451,4519.354174534564
2017-10-09,1700.4882581722031,-978.8271877399062,4412.0255440718665
2017-10-10,1997.497342981628,-664.5059005945782,4758.996439705923
2017-10-11,1511.7578739297924,-1034.731296187832,4270.310729972838
2017-10-13,1499.1531330859566,-1154.4054179325688,4450.2669287620565
2017-10-14,1928.9232356752455,-950.2355290083425,4593.657190286684
2017-10-15,1687.631882263543,-1235.0307867255685,4268.071793112222
2017-10-16,1571.9067406034505,-1109.1669441210863,4404.773025470138
2017-10-17,1929.0465080621047,-745.3462920456523,4759.143299436953
2017-10-18,1504.7164257891045,-1302.4217646064478,4442.218231025037
2017-10-20,1615.971236242147,-1365.974771346815,4332.897219250387
2017-10-21,2106.7623136931006,-549.2250413844989,4748.162689301225
2017-10-22,1924.9281728570775,-991.9234887428696,4795.734792816483
2017-10-23,1866.3869581913593,-797.1991794834677,4448.244960735183
2017-10-24,2277.7456793597257,-456.4478419661241,4943.477547176565
2017-10-25,1904.0049952954475,-693.6942386465643,4621.782471495433
2017-10-27,2103.083810265889,-756.3472988465373,4970.07379754525
2017-10-28,2630.0008594305436,-99.98833607602873,5432.7853788522525
2017-10-29,2478.4643231228642,-170.71631482556631,5163.289832090237
2017-10-30,2444.0033133652987,-281.57166860892227,5288.158230060614
2017-10-31,2872.9168819156494,58.95432894905,5738.716876683069
2017-11-01,2509.9859102368196,-72.94062284100738,5307.135110169531
2017-11-03,2710.0455156530443,-149.54022209168505,5197.337869608576
2017-11-04,3227.1828404847984,398.5804723550763,5850.16119191082
2017-11-05,3059.2248560509756,397.04261482852155,5999.306390676127
2017-11-06,3001.98437708835,317.44456471825674,5800.74475409722
2017-11-07,3402.1461179858084,620.9799217596562,6189.435451060975
2017-11-08,3004.9746345623244,266.8735694942258,5784.849640677817
2017-11-09,2469.2338448633227,-318.9591953494678,5086.420484199727
2017-11-10,3122.4741171076143,479.03735849705697,6042.709307244699
2017-11-11,3592.685541259095,844.2553495247925,6288.29767845686
2017-11-12,3375.078660524863,585.2738640677405,5980.728156752859
2017-11-13,3266.3113871218306,509.37781799358953,6098.503536398056
2017-11-14,3613.9473820130524,1015.3385114271229,6459.702448034017
2017-11-15,3164.1477642685795,463.4321157954765,6111.631200249024
2017-11-16,2576.5734576323075,-203.5194217352678,5359.41793532932
2017-11-17,3179.6585171856013,457.30126730345904,5780.209515617938
2017-11-18,3602.233344655743,794.0405831611379,6300.400494989863
2017-11-19,3340.299624352914,556.999167304046,6169.267579695096
2017-11-20,3191.2359574031634,411.36967806881887,5768.880658560835
2017-11-21,3503.2399718254323,630.5830326500176,6247.804199712306
2017-11-22,3023.005171726838,447.71213541151263,6028.503068178333
2017-11-23,2410.6102309945663,-419.6666374939556,5304.531205207264
2017-11-24,2994.777429376611,327.5150330285957,5830.8583180470505
2017-11-25,3404.499552285895,591.0237961312532,6076.920493072355
2017-11-26,3135.797212474664,462.480578719408,5836.67653142215
2017-11-27,2985.9259580507105,383.5615459100626,5828.326526935453
2017-11-28,3302.8190269244724,679.4466020999248,5997.97116715681
2017-11-29,2832.7681162860436,-221.38772741215817,5527.957903444962
2017-11-30,2235.3198842382203,-591.3433952099439,4902.070118183658
2017-12-01,2838.5448121586587,-21.966883102183957,5373.641922806576
2017-12-02,3270.677597645518,780.7096942065768,6077.022999274371
2017-12-03,3026.890803341683,348.02123863216536,5732.123176407873
2017-12-04,2903.5208152003943,233.28797530431578,5714.750708368919
2017-12-05,3247.5315864724735,681.4678575221346,5831.167219853164
2017-12-06,2804.218086881411,170.41766115167061,5517.642639462635
2017-12-08,2858.348430759409,152.24106422118496,5648.890146788464
2017-12-09,3310.184161700561,587.5537385003638,6138.359431343995
2017-12-10,3081.9419992683406,312.1810377168224,5758.422887736598
2017-12-11,2969.186245120873,327.3799625593476,5752.820355134982
2017-12-12,3318.222227640964,608.9870430337853,5808.499831160533
2017-12-13,2873.8185672458635,289.2140483686417,5652.7933463957315
2017-12-14,2294.1435368659068,-380.71346358186196,5009.437701980885
2017-12-15,2906.071134252783,266.99109471805866,5530.686073706726
2017-12-16,3336.855062854487,653.7131544858216,5949.455586322053
2017-12-17,3080.93143842532,285.7684965496655,6053.847752836356
2017-12-18,2934.1684562514,52.15760162551931,5694.9576876999945
2017-12-19,3243.3477896035106,412.1525050283413,5824.551456608674
2017-12-20,2753.87906685498,1.8201204710451357,5479.918025380793
2017-12-22,2683.687522051865,-104.30824576086366,5455.006391369332
2017-12-23,3059.069844978359,299.5546588628921,5721.55793125319
2017-12-24,2746.448333401935,-101.47476830294781,5385.98739814591
2017-12-25,2542.9002695502913,-100.39949039136563,5315.260118199271
2017-12-26,2796.4564643304275,91.16756871748039,5582.62934307987
2017-12-27,2253.7861818400984,-628.0323183088658,4907.788949995453
2017-12-29,2089.364818119601,-789.3038987055339,4822.115382122623
2017-12-30,2426.0173399575233,-326.4421719314753,5360.790723071159
2017-12-31,2081.6262422723526,-581.1727897303381,4826.478442902102
2018-01-01,1854.1342776510935,-855.9360393699012,4602.595370856448
2018-01-02,2092.2792913398252,-828.536484040933,4920.485372732481
2018-01-03,1543.2591400154142,-1039.5377026018182,4277.507005374665
2018-01-06,1753.1138233164156,-993.5480190869212,4342.220096587066
2018-01-07,1439.8720734488086,-1312.9466514555327,4112.839443541225
2018-01-08,1252.1610254379245,-1583.9211998723442,4033.296079283593
2018-01-09,1538.0075817359482,-1275.996169623581,4332.446795370853
2018-01-12,1020.9972135535791,-1655.8460529769152,3737.9176206897364
2018-01-13,1448.479740679595,-1210.239871770359,4021.3887029132584
2018-01-14,1206.0416992210096,-1342.6319570250835,3944.7490621917177
2018-01-15,1089.6371720013117,-1681.2650207393597,3735.948965591546
2018-01-16,1445.7915875207225,-1101.8996055717107,4064.3873921228646
2018-01-19,1119.113300966699,-1513.0760750178733,3891.3144598321833
2018-01-20,1598.6923729058253,-1046.985490377943,4549.430257321098
2018-01-21,1400.7418806856026,-1360.1809846468495,4154.945243778971
2018-01-22,1320.300546668118,-1498.6940934806278,4021.9994049923266
2018-01-23,1703.1768863410418,-838.7582882181389,4416.143329753569
2018-01-24,1293.682277547821,-1562.9899074728771,3994.291480042613
2018-01-26,1397.3835902233634,-1440.4797332200224,4212.597427560096
2018-01-27,1864.0685952900205,-860.7878297754961,4730.527101753501
2018-01-28,1643.8482521498588,-1108.5042390723288,4532.5518257742215
2018-01-29,1532.4413748053387,-1006.8822957290303,4171.015596093564
2018-01-30,1876.5510964250168,-804.6178680915777,4602.253996460138
2018-02-02,1419.360524985378,-1478.4775780804337,4137.288727041107
2018-02-03,1828.5107926440166,-1018.0698492746851,4457.436231628331
2018-02-04,1549.7858710888365,-1091.7989143831169,4141.408289028043
2018-02-05,1380.517228378731,-1444.4432644949236,4062.575186622468
2018-02-06,1669.0164080140478,-860.2159784374611,4540.777500683782
2018-02-09,1073.7161607240878,-1667.2966227574166,3892.236119940777
2018-02-10,1450.929724386627,-1294.2288551819115,4259.671408038535
2018-02-11,1149.1919680267756,-1346.7577458854878,3835.47511410223
2018-02-13,1252.2667340567623,-1461.078245546316,3921.547349766236
2018-02-16,712.7882426973522,-2055.921172815283,3485.96176736011
2018-02-17,1129.6320318000821,-1723.0973468276372,3924.0599580501757
2018-02-18,877.1690242034069,-1878.4494526056983,3758.9252449007117
2018-02-19,752.6881718999177,-2011.2932418288733,3521.48246704994
2018-02-20,1104.0211345739312,-1716.81348856961,3594.944738724818
2018-02-21,677.2259626516436,-2282.47759536117,3408.687367291913
2018-02-23,794.4067942409838,-1860.4458547164063,3465.778053422046
2018-02-24,1293.6307459489408,-1551.377563248135,4057.0975966043056
2018-02-25,1123.6627249571848,-1649.7117394506054,3990.333611126435
2018-02-26,1080.093379822666,-1537.8760610088345,3738.248705026871
2018-02-28,1155.0897118325524,-2010.6425409101537,3708.108382379992
2018-03-02,1397.4339266325399,-1299.8835823551374,4019.5939434939696
2018-03-03,1946.4602455249074,-828.4442650696541,4843.3350866128
2018-03-04,1816.3733830177634,-834.6527069525984,4497.809743861552
2018-03-05,1801.976469289719,-917.898376157982,4516.556778644902
2018-03-06,2248.87519294439,-374.31022515209236,5322.734149505494
2018-03-07,1901.210503969854,-829.2835059483089,4616.8970414281575
2018-03-08,1416.6027600004522,-1087.9750867198761,4170.814062074445
2018-03-09,2121.462778190072,-740.7708074794937,4941.912246710181
2018-03-10,2642.6679264511217,-118.72678438587215,5430.373574607928
2018-03-11,2474.3641004789984,-354.37188451617266,4971.358282077
2018-03-12,2412.2119414999615,-437.37877316470093,5162.27161361761
2018-03-13,2802.8622713658156,155.69695289097612,5384.473680301943
2018-03-14,2391.662377380462,-305.4858686905664,5026.1115958106075
2018-03-16,2468.4333080444862,-95.10899829403652,4951.724575655259
2018-03-17,2912.629681250659,179.84091682229027,5546.859594951663
2018-03-18,2665.8352579502407,-135.3927028411913,5353.531566654924
2018-03-19,2525.2342419668203,-335.7815229570697,5103.693382073257
2018-03-20,2838.9599645897665,66.19913403915632,5610.502713593744
2018-03-21,2353.768127725588,-313.55999329746857,5028.971155566149
2018-03-23,2296.4357175121067,-339.2680792729127,4769.716741089821
2018-03-24,2682.7076909773336,-77.09030022391373,5230.622180142438
2018-03-25,2385.252345810837,-322.4597769364323,5102.815902597429
2018-03-26,2201.9038519963547,-511.137571504654,5015.9197607339665
2018-03-27,2481.245568127686,-200.03132649290797,5079.40203248044
2018-03-28,1970.2786272243823,-725.0006128961022,4807.04544513086
2018-03-29,1329.3060740790065,-1059.3216009181021,4050.4925151269044
2018-03-30,1887.1893934639152,-918.0075162712659,4787.303912148902
2018-03-31,2272.9767815731334,-662.8102086091584,5052.556333200162
2018-04-01,1982.665038787427,-649.423547768992,4854.357676666566
2018-04-02,1813.414259754732,-1045.379858152223,4523.03666597793
2018-04-03,2113.0008901773435,-525.9547131050494,4805.729924645911
2018-04-04,1627.5111354483638,-1088.8798945285332,4294.216796499773
2018-04-06,1607.0358775364998,-1262.0919690153532,4132.592632772644
2018-04-07,2027.8378224716453,-700.5296532063265,4765.523101573143
2018-04-08,1773.585721736501,-999.1408067416014,4507.217966217706
2018-04-09,1640.4027052867655,-1424.899369707217,4324.135232306039
2018-04-10,1975.0861208506815,-868.4943461636748,4837.9984042008655
2018-04-11,1522.8245975949285,-1407.0230765393878,4121.357351343934
2018-04-12,942.1298565594789,-1818.2648322336454,3596.6159703311173
2018-04-13,1560.1388854444867,-1071.9050166594538,4357.904881502134
2018-04-14,2004.2846868691217,-728.2452920330546,4642.227553943101
2018-04-15,1769.0964424389128,-911.8598627262803,4471.751271172133
2018-04-16,1650.447365740086,-1230.036828498795,4660.444443801807
2018-04-17,1995.0350654397994,-878.9329580852045,4959.541915761187
2018-04-20,1583.1921033954668,-1197.8712593879175,4405.049268273959
2018-04-21,2020.5510875519226,-679.8218836617897,4802.276267560389
2018-04-22,1775.4706251553928,-875.5013326192966,4576.844758147382
2018-04-23,1644.4396546872806,-1073.6683503159948,4447.49592011537
2018-04-24,1974.8317185568826,-1040.1421431875012,4690.201142054132
2018-04-25,1512.597402295201,-1147.0418429293768,4262.743597864702
2018-04-26,917.1670398109618,-1802.0846892486031,3542.004942604418
2018-04-27,1516.7202139627188,-1067.330508153255,4371.769649188254
2018-04-28,1939.8212505841336,-830.6787991838473,4565.445502613807
2018-04-29,1682.1825861783138,-1179.367096561056,4398.125032676839
2018-04-30,1540.875339816693,-1200.740186970111,4151.447163123838
2018-05-01,1863.7729579401157,-631.9774212934465,4584.389273714845
2018-05-02,1397.2303497605994,-1289.224902826058,4166.352741994285
2018-05-03,800.9763175412722,-2111.9614600867926,3680.2703279941366
2018-05-04,1403.3760330112527,-1135.1425239433277,4198.765568146555
2018-05-05,1833.0628848561348,-727.7591892178812,4733.509133926832
2018-05-06,1585.7016074298374,-1204.4775717763584,4350.611241727558
2018-05-07,1458.2019553054254,-1406.930345173445,4101.2262996874415
2018-05-08,1798.1686344033358,-929.8041775545046,4598.549967136248
2018-05-09,1351.5896634783207,-1389.915530418133,4044.9802451274454
2018-05-11,1404.4613368818223,-1443.087739109439,4122.757066206548
2018-05-12,1859.8033223552154,-947.1065233913275,4595.890695642357
2018-05-13,1638.8103458816702,-1114.4487067040943,4280.515831168844
2018-05-14,1537.7499276643414,-1257.8145620564064,4212.148217392246
2018-05-15,1903.5815301063456,-997.7184593149003,4705.517773085956
2018-05-16,1481.6629026590294,-928.5859023624827,4364.658158954804
2018-05-18,1577.897502931138,-1092.0863912737661,4360.609060513957
2018-05-19,2050.9049910795584,-550.9606678504464,4728.64711082056
2018-05-20,1844.3255032996826,-1069.459665970073,4648.243607742499
2018-05-21,1754.0992551759903,-883.5069330552469,4553.47717299225
2018-05-22,2126.9508767716757,-456.31598447563334,4666.529334657006
2018-05-23,1708.1005337849767,-1006.6635846914074,4601.473883919015
2018-05-25,1798.5615838405208,-1018.6068804401116,4603.6137990807365
2018-05-26,2262.9424373346374,-590.6619889538584,5018.432207704689
2018-05-27,2044.2054834444878,-827.1246418261628,4601.247498340491
2018-05-28,1938.6156173731338,-791.6843619792525,4686.6056686945685
2018-05-29,2293.292437935642,-405.6624771355697,4962.150840752905
2018-05-30,1853.90934320778,-826.1711599257396,4851.550367705423
2018-06-01,1898.2544320826,-913.309495738647,4685.019418967164
2018-06-02,2338.1258774396983,-568.7049554797474,5006.867129834212
2018-06-03,2094.6397485156367,-817.944963050406,4896.808885982797
2018-06-04,1964.594099286702,-654.7221516749225,4857.443253591053
2018-06-05,2295.6150551945857,-549.2280070143929,4830.043492394145
2018-06-06,1833.84347166113,-1049.1855480876459,4607.773292988467
2018-06-08,1838.82409343589,-988.3581287572263,4546.735483812591
2018-06-09,2262.3692751876533,-664.0901166562678,5034.576751031475
2018-06-10,2005.111229324622,-554.2880807114456,4789.572796336542
2018-06-11,1863.99313265728,-918.9958093370777,4755.7899978496325
2018-06-12,2186.7107489470395,-568.082111364768,4805.528653343937
2018-06-13,1719.4004920328425,-1171.8302413004199,4459.572279686877
2018-06-15,1721.2323074092678,-1076.6969462397246,4530.8037409287235
2018-06-16,2146.8285603216095,-454.890186267931,4698.533298129039
2018-06-17,1893.724172402591,-1046.6310583287586,4508.350023961228
2018-06-18,1758.5739437278437,-847.4733623047894,4437.893436008103
2018-06-19,2088.7555003223674,-736.4147893991017,4774.750095161737
2018-06-20,1630.0682029392992,-1108.5541551285744,4288.218423300955
2018-06-21,1041.6467803361843,-1753.0704777619596,3699.4605327078248
2018-06-22,1651.2457640406565,-1299.6045011096148,4384.833147314619
2018-06-24,1843.676040934191,-688.4537354952987,4826.524862915256
2018-06-25,1717.9723462301547,-927.958432165858,4472.983093045642
2018-06-26,2056.921235937556,-726.2538880495366,5060.392831055881
2018-06-27,1606.1264183077915,-1158.4999087177803,4118.970497379079
2018-06-29,1639.9181918036309,-1127.4100871117012,4458.404921781668
2018-06-30,2080.137395159671,-684.7880430485338,5054.41045659039
2018-07-01,1840.3157982203606,-918.1420245051418,4538.2607052555795
2018-07-02,1716.8753482744225,-998.1454571728003,4417.626905482122
2018-07-03,2057.0396696786506,-398.0217241529938,4712.498826967051
2018-07-05,1024.4911407095885,-1585.448159199101,3714.670368670711
2018-07-06,1638.7409296794908,-1230.6222338350356,4593.941200030131
2018-07-07,2077.4467125313363,-736.1416841501697,4828.582604577683
2018-07-08,1835.8857890573831,-1026.7457917115742,4568.724783089911
2018-07-09,1710.6715800154766,-911.6831759834364,4484.28648422062
2018-07-10,2049.2101304404146,-658.9199149189977,4726.067698793707
2018-07-11,1597.3920253431422,-1252.5956139680957,4386.087934051535
2018-07-12,1014.497206875131,-1742.9759050992257,4074.269685021201
2018-07-13,1628.4691512117429,-1185.7240466463443,4625.650847148739
2018-07-14,2067.557465907342,-444.5582226281386,5021.9854566753365
2018-07-15,1827.0905881711526,-930.3450965747624,4527.258295797171
2018-07-16,1703.6976579487418,-1079.938589160091,4418.885571417149
2018-07-17,2044.7651280339567,-542.647399612384,4691.82166209391
2018-07-18,1596.1301807562218,-853.0490675508538,4316.556363905228
2018-07-20,1635.171872692137,-919.8169014209678,4394.568017712258
2018-07-21,2078.7971531265,-397.99227811676485,4992.093234917393
2018-07-22,1843.0437132034863,-1072.4883444876766,4496.363600362174
2018-07-23,1724.3826089976599,-1089.109127931992,4459.692627273525
2018-07-24,2070.040165822839,-555.0341148239663,4848.740385453236
2018-07-25,1625.6986741442706,-1254.7801907710198,4458.586058465345
2018-07-26,1050.4112375600969,-1531.522612213022,3891.1074716801
2018-07-27,1671.8868656408508,-832.9401729725968,4670.076313570972
2018-07-28,2118.1444767047506,-459.71808719842335,4970.957992527324
2018-07-29,1884.2970777942985,-612.5098375631426,4760.594993273977
2018-07-30,1766.7847787537871,-992.7836881643949,4510.556320179804
2018-07-31,2112.8417951363544,-433.5862921680794,4885.147742119334
2018-08-01,1668.1991247674016,-1116.9820503274539,4462.274141026396
2018-08-03,1712.0839655697155,-990.792915409524,4445.4519828545235
2018-08-04,2156.63883070777,-670.2842995534011,4747.438543741897
2018-08-05,1920.9808308419867,-497.43793995298734,4820.169855561182
2018-08-06,1801.7827203501006,-839.0308821766699,4639.7481687607715
2018-08-07,2146.5344962167615,-682.9201541284839,4732.818272229355
2018-08-10,1746.8909925301703,-1119.6030708061708,4471.12731287355
2018-08-11,2194.4133002100584,-485.80318360451423,4918.367050968813
2018-08-12,1963.45096537493,-732.3103552003261,4770.810841968418
2018-08-13,1850.898306842144,-1109.9279430996387,4670.223697148076
2018-08-14,2204.430465082449,-480.9689946689982,4943.024548365005
2018-08-15,1770.1910501256157,-892.5195521697601,4645.0168785198985
2018-08-16,1207.6926610955456,-1505.6730801856925,4118.469589996449
2018-08-17,1845.0867631084361,-758.3463453915983,4610.4856457309215
2018-08-18,2310.802014762524,-390.1547516273216,5125.090031872438
2018-08-19,2100.31276447674,-604.4737955079909,4800.411014929639
2018-08-20,2010.3568332905397,-604.8330127273963,4721.775877503495
2018-08-21,2388.388195908739,-160.98906193099575,5114.443732909739
2018-08-22,1980.266684954991,-873.7683774075094,5000.382692027332
2018-08-23,1445.162202982982,-1292.3361609756928,4341.000729468958
2018-08-24,2110.829856151215,-593.0758400031256,4904.5414644545235
2018-08-25,2605.254989119589,-118.86070450755304,5186.049613283059
2018-08-26,2423.429687420745,-316.387592134106,5131.487650885798
2018-08-27,2361.5796789370775,-482.0291812726428,5013.009988631143
2018-08-28,2766.6270316266578,-4.072989178681629,5731.99439377981
2018-08-29,2383.8905353266787,-296.11381567286224,5032.296761924913
2018-08-31,2558.1876159297826,-201.11965233311366,5230.804608780275
2018-09-01,3069.934110665116,233.19552183872364,5630.760956493313
2018-09-02,2901.7659784844327,237.53690242540077,5561.305830005267
2018-09-03,2849.4874991152337,133.05265181476625,5513.79898479451
2018-09-04,3259.653695353646,419.4811905693536,5874.202654965849
2018-09-05,2877.2789191836882,331.9569465297407,5617.198825007415
2018-09-07,3037.163812047138,300.7570959575933,5989.290090610345
2018-09-08,3533.8963240796147,788.7719919937387,6370.561634881299
2018-09-09,3345.4836107165656,628.2991270501859,6024.813900700288
2018-09-10,3267.8142365098793,603.7763065956905,5901.4302519273515
2018-09-11,3647.609732513668,724.71728599652,6313.621490805923
2018-09-12,3230.1310425181773,573.8026300790642,5792.584480076581
2018-09-13,2674.097192178407,-216.5676504528597,5353.532668338924
2018-09-14,3306.97229683212,581.960492816967,5870.047065664026
2018-09-15,3756.6196501245972,1085.7833222913791,6483.2074075379605
2018-09-16,3518.084286901806,670.5552051528841,6296.276259911513
2018-09-17,3387.8228465875486,587.3089698915445,6065.896278027002
2018-09-18,3713.166096603162,1179.784396169921,6297.958403659203
2018-09-19,3240.0160328311995,662.9438156108537,5985.747340539526
2018-09-20,2627.7548816590634,-99.45446025031123,5227.248531031472
2018-09-21,3204.522308037216,452.7296455247651,5987.787291846416
2018-09-22,3598.8597516352274,943.1201665946908,6447.09638652553
2018-09-23,3306.483451900856,631.1546446098796,6095.317435797174
2018-09-24,3124.5051393136455,244.73832925586734,5752.17766038698
2018-09-25,3400.8858846199682,729.3015248701035,6165.336089954871
2018-09-26,2882.1251343905687,106.23361376631574,5585.41835635741
2018-09-28,2767.647599373541,-35.53242291894964,5718.053349420682
2018-09-29,3129.58013552124,279.65317191665537,5987.852906625755
2018-09-30,2810.0764365202317,126.34341547866103,5547.504645878497
2018-10-01,2606.5868013164363,10.785600054073491,5431.090235485782
2018-10-02,2867.3459164943006,-127.03201528676853,5527.318116102513
2018-10-03,2339.059421003747,-607.7280255919381,5373.833986451046
2018-10-04,1681.8038458317037,-916.8336776035651,4422.091519868855
2018-10-05,2224.29625929727,-453.736526087671,5199.769799103011
2018-10-06,2595.5325408389585,-269.59687392330227,5309.770684002705
2018-10-07,2291.555823558613,-316.86058667324346,4900.2989166792395
2018-10-08,2109.674045799075,-584.303611948216,4704.237198406076
2018-10-09,2397.9120547739217,-244.80123095426353,5176.582705434179
2018-10-10,1902.700234793647,-632.1892386452458,4613.947316541951
2018-10-12,1869.4615756435192,-851.6678551091012,4688.354145448678
2018-10-13,2288.295654053746,-362.01809874211307,5009.833352127988
2018-10-14,2035.8160130926428,-1011.1270229513091,4739.6941074285905
2018-10-15,1908.7764952898854,-864.2285676571795,4629.45752820737
2018-10-16,2254.605129482247,-626.197478976137,5158.832633030701
2018-10-17,1819.0982697507313,-880.2701713506843,4665.21736701934
2018-10-19,1908.9270604283233,-812.7248258363347,4454.03703028096
2018-10-20,2389.7264038172416,-184.8365853296611,5037.640886899772
2018-10-21,2198.5465862244537,-410.71746089898306,4908.9052562393135
2018-10-22,2131.422235970953,-590.766040655839,4955.747673722533
2018-10-23,2535.0688176071544,-110.44004827262196,5383.7337037208945
2018-10-24,2154.5856787340376,-457.3398716711193,4912.574950669501
2018-10-26,2343.424451396193,-353.35121286174507,4934.646792826609
2018-10-27,2866.9775880811017,175.78061172260527,5703.755968426843
2018-10-28,2713.311295116616,38.15745917878078,5481.899542706189
2018-10-29,2677.9811106639954,12.323376887747994,5574.542581940189
2018-10-30,3107.29441392561,267.483272584048,5814.871210835773
2018-10-31,2746.0216226445937,-22.296904953211328,5610.366276530127
2018-11-01,2252.321281401815,-775.8772761115224,5006.225235318167
2018-11-02,2953.035054329324,123.04309878298126,5616.840930818173
2018-11-03,3475.3512099210366,816.0245066541314,6391.967691060707
2018-11-04,3313.5977883816577,532.3748809301513,6146.3137375309525
2018-11-05,3263.4840306893348,443.07674617261006,5931.200195940376
2018-11-06,3671.5751448874867,953.4989506512736,6380.698093872659
2018-11-07,3283.002013308517,514.1707667199234,5868.287894393538
2018-11-08,2756.382832107137,-157.29001450642767,5357.536776204312
2018-11-09,3419.112644589374,730.6230567037597,6156.445381891918
2018-11-10,3899.019348356003,1210.4203024864444,6622.703198480799
2018-11-11,3691.1474070102126,1208.4303825139275,6560.964425660144
2018-11-12,3591.987936346107,820.8822881603934,6436.0551668766
2018-11-13,3948.940382777096,1272.2264816161803,6690.914520121083
2018-11-14,3508.00759103386,850.3732018876439,6140.0654672547025
2018-11-15,2928.701495154524,-43.32687034846031,5723.624712543548
2018-11-16,3539.3156827161547,856.4498779551607,6147.104742823337
2018-11-17,3968.563741840332,1175.7665789856437,6684.92853491253
2018-11-18,3712.3449858464955,803.0369558264531,6333.192346827624
2018-11-19,3567.9566166293102,711.6267054646091,6122.171011511344
2018-11-20,3883.537953886155,1155.4799454971035,6654.305816737831
2018-11-21,3405.7489450245885,534.0576149691726,6189.024856707933
2018-11-22,2794.660605516012,-182.79617399828211,5426.202126198938
2018-11-23,3379.01404240933,678.784114221181,6151.90691765373
2018-11-24,3787.8473492273374,1005.275750388006,6494.691279608998
2018-11-25,3517.252310741359,742.3111108524522,6234.469332316256
2018-11-26,3364.580276890315,789.3573023049601,5986.211640362694
2018-11-27,3677.8830758896247,1018.3652387586058,6345.358717891658
2018-11-28,3203.5913605627443,507.8615913260775,5799.169118584471
2018-11-29,2601.408145790397,-134.96538951538108,5125.226904417779
2018-11-30,3199.5742213496874,405.84850757082023,5806.417086217912
2018-12-01,3626.5046795005796,990.6226051548246,6475.191688388516
2018-12-02,3377.5583648600045,748.8061408931623,6258.246836234141
2018-12-03,3249.2593931597344,507.14732030358266,6003.892300337733
2018-12-04,3588.7563170654294,913.6510209089172,6293.571944551036
2018-12-05,3141.5209669287697,440.4130281088898,5827.090653884513
2018-12-06,2566.2642907398636,-190.52299052317474,5184.1857702244215
2018-12-07,3190.2253854719484,536.7461100671202,6021.413669211
2018-12-08,3640.8324194077004,1256.4941083158828,6275.228579502103
2018-12-09,3412.496677941599,728.7825384494653,6234.56123593668
2018-12-10,3300.85828280974,593.2508483782013,6151.576887815007
2018-12-11,3652.268559454101,940.7969179130031,6581.825145605069
2018-12-13,2636.7339720283826,-147.2053027149425,5302.892369590965
2018-12-14,3254.7616424637076,593.256430497351,5927.775738602516
2018-12-15,3692.7633233734196,907.7934360037468,6362.08681503481
2018-12-16,3445.060076965664,471.6345660744934,6146.880269659822
2018-12-17,3307.3759906073615,481.1490699116824,5978.403447261455
2018-12-18,3626.3224597608155,851.8790862245928,6249.430156275312
2018-12-19,3147.116256000035,593.3671921297835,5886.550798378579
2018-12-20,2528.5080971455645,-308.912676667293,5238.282607203714
2018-12-21,3098.0774519589913,195.69256599839545,5830.1294617375215
2018-12-22,3483.891982102974,809.9286434873834,6265.8935648103015
2018-12-23,3181.292731313655,462.61991539754166,5929.572028220992
2018-12-24,2987.1236708386773,192.51852488206552,5538.548008185792
2018-12-25,3249.190819205087,665.6070632224287,6057.13150617593
2018-12-26,2713.9527948041296,-120.58802694499718,5281.80352620948
2018-12-27,2041.4201556776993,-730.7204104236534,4831.93018969137
2018-12-28,2560.419952069794,-400.08319071817374,5308.404145986246
2018-12-29,2900.2246268035533,119.65956781911501,5709.357760543494
2018-12-30,2557.3071269916877,66.29832520880021,5226.335174702586
2018-12-31,2329.541592013288,-341.27921783946374,5302.27545547414
2019-01-01,2565.6355748524606,-124.06698095503046,5334.075313098766
2019-01-02,2012.7963581345311,-849.946247111091,4596.4525738903485
2019-01-03,1331.6093674670028,-1377.634524546652,3948.352680682086
2019-01-04,1851.285683629517,-959.581018762841,4326.632694775115
2019-01-05,2201.2782766325763,-535.4653740606202,4901.2085543557505
2019-01-06,1878.0292110158862,-748.255535298651,4672.81231619189
2019-01-07,1679.167459831954,-1049.7340832574055,4357.780812689765
2019-01-08,1952.9434346029684,-897.2158830206878,4445.3584351453055
2019-01-09,1445.9028149938904,-1264.1564214445577,4189.536199396895
2019-01-10,817.7775727522937,-1995.5819186760764,3771.8698162755923
2019-01-11,1396.7509539422026,-1364.1805654100099,4102.520554289487
2019-01-12,1811.095679630856,-932.3769765398557,4644.485342366437
2019-01-13,1555.9471337281398,-1249.1592236608924,4380.684928881901
2019-01-14,1427.5305875582585,-1353.97197949007,4052.037970675078
2019-01-15,1772.6278869819273,-1005.1903753752113,4646.948286533129
2019-01-16,1336.2854267614953,-1419.8157418874844,4188.164921636505
2019-01-17,776.7404885076592,-2063.70940934252,3540.6429873759967
2019-01-18,1420.721848860586,-1305.0764873226979,4090.9442910437406
2019-01-19,1895.1230427983237,-735.9873679300903,4617.781014566331
2019-01-20,1693.809179720905,-1085.5727118398238,4538.818429223428
2019-01-21,1611.8755170141612,-1095.7652004560787,4270.496196906082
2019-01-22,1995.1424200721194,-660.8247756902732,4883.817125166982
2019-01-23,1587.8878051794554,-1012.0806142908992,4101.281978878028
2019-01-24,1047.7935011193645,-1588.4541322063826,3831.0027444578427
2019-01-25,1701.2609003864127,-1079.9078915194832,4543.562110805545
2019-01-26,2175.093868507925,-472.9260061212984,4914.667464854698
2019-01-27,1963.3095235486903,-801.7821129710412,4667.320532840932
2019-01-28,1861.394944156186,-844.170885328619,4574.718993600952
2019-01-29,2215.794432822678,-657.6914623695882,5083.500532132302
